{"train/loss": 0.0167, "train/grad_norm": 0.04630230739712715, "train/learning_rate": 0.0, "train/epoch": 5.0, "train/global_step": 150, "_timestamp": 1744385767.448059, "_runtime": 33.796452045440674, "_step": 35, "eval/loss": 0.1641741693019867, "eval/runtime": 0.7542, "eval/samples_per_second": 13.26, "eval/steps_per_second": 13.26, "train_runtime": 24.1733, "train_samples_per_second": 6.205, "train_steps_per_second": 6.205, "total_flos": 420568605926400.0, "train_loss": 0.1151671202480793, "_wandb": {"runtime": 33}}