{"train/loss": 2.3107, "train/grad_norm": 7.158114433288574, "train/learning_rate": 0.004972067039106145, "train/epoch": 0.027932960893854747, "train/global_step": 5, "_timestamp": 1744380413.9531245, "_runtime": 5.231315612792969, "_step": 0}