{"train/loss": 0.1537, "train/grad_norm": 0.43271324038505554, "train/learning_rate": 0.0045000000000000005, "train/epoch": 0.5, "train/global_step": 15, "_timestamp": 1744385389.8464012, "_runtime": 7.523768186569214, "_step": 2}