{"train/loss": 0.907, "train/grad_norm": 2.438035249710083, "train/learning_rate": 0.004548387096774194, "train/epoch": 0.4838709677419355, "train/global_step": 15, "_timestamp": 1744384300.110076, "_runtime": 8.835876941680908, "_step": 2}