{"train/loss": 0.2031, "train/grad_norm": 0.2933897376060486, "train/learning_rate": 0.00453125, "train/epoch": 0.46875, "train/global_step": 15, "_timestamp": 1744385495.3926244, "_runtime": 8.373176336288452, "_step": 2}