{"train/loss": 0.477, "train/grad_norm": 0.24906888604164124, "train/learning_rate": 0.004333333333333334, "train/epoch": 0.6666666666666666, "train/global_step": 20, "_timestamp": 1744385014.2264783, "_runtime": 9.662519454956055, "_step": 3}