{"train/loss": 0.3822, "train/grad_norm": 0.8412014245986938, "train/learning_rate": 0.004879518072289157, "train/epoch": 0.12048192771084337, "train/global_step": 10, "_timestamp": 1744386358.6849747, "_runtime": 7.239465713500977, "_step": 1}