{"train/loss": 0.0, "train/grad_norm": NaN, "train/learning_rate": 0.0030392156862745095, "train/epoch": 1.0, "train/global_step": 51, "_timestamp": 1744376198.2500196, "_runtime": 16.974756479263306, "_step": 52, "eval/loss": NaN, "eval/runtime": 0.6147, "eval/samples_per_second": 56.942, "eval/steps_per_second": 56.942, "train_runtime": 18.3751, "train_samples_per_second": 11.102, "train_steps_per_second": 2.775, "total_flos": 10772071096320.0, "train_loss": 7.836702318752513, "_wandb": {"runtime": 17}}