{"train/loss": 1.4755, "train/grad_norm": Infinity, "train/learning_rate": 0.004903225806451613, "train/epoch": 0.16129032258064516, "train/global_step": 5, "_timestamp": 1744384903.4024596, "_runtime": 6.743439674377441, "_step": 0}