{"train/loss": 0.975, "train/grad_norm": 0.42210161685943604, "train/learning_rate": 0.004959016393442623, "train/epoch": 0.040983606557377046, "train/global_step": 5, "_timestamp": 1744386334.3795686, "_runtime": 6.491683483123779, "_step": 0}