{"train/loss": 0.0713, "train/grad_norm": 0.19202658534049988, "train/learning_rate": 2.5641025641025643e-05, "train/epoch": 5.0, "train/global_step": 975, "_timestamp": 1744380640.527782, "_runtime": 100.85807704925537, "_step": 200, "eval/loss": 0.19082452356815338, "eval/runtime": 0.9683, "eval/samples_per_second": 45.442, "eval/steps_per_second": 45.442, "train_runtime": 102.1722, "train_samples_per_second": 9.543, "train_steps_per_second": 9.543, "total_flos": 665461171814400.0, "train_loss": 0.2537597945332527, "_wandb": {"runtime": 100}}