{"train/loss": 0.1251, "train/grad_norm": 0.7111225128173828, "train/learning_rate": 0.004107142857142857, "train/epoch": 0.8928571428571429, "train/global_step": 25, "_timestamp": 1744385446.5981548, "_runtime": 9.082170724868774, "_step": 4}