{"train/loss": 3.1893, "train/grad_norm": Infinity, "train/learning_rate": 0.004942857142857143, "train/epoch": 0.14285714285714285, "train/global_step": 5, "_timestamp": 1744381434.0004067, "_runtime": 5.2876136302948, "_step": 0}