{"train/loss": 0.0, "train/grad_norm": NaN, "train/learning_rate": 0.004604651162790698, "train/epoch": 4.914285714285715, "train/global_step": 215, "_timestamp": 1744376346.2076411, "_runtime": 63.04274320602417, "_step": 48, "eval/loss": NaN, "eval/runtime": 1.1183, "eval/samples_per_second": 57.229, "eval/steps_per_second": 57.229, "train_runtime": 64.3129, "train_samples_per_second": 13.605, "train_steps_per_second": 3.343, "total_flos": 45411672268800.0, "train_loss": 1.786555747098701, "_wandb": {"runtime": 63}}