{"train/loss": 0.0941, "train/grad_norm": 0.23449257016181946, "train/learning_rate": 0.0, "train/epoch": 5.0, "train/global_step": 150, "_timestamp": 1744386201.5396779, "_runtime": 37.17900490760803, "_step": 35, "eval/loss": 0.2542145848274231, "eval/runtime": 0.3865, "eval/samples_per_second": 25.874, "eval/steps_per_second": 25.874, "train_runtime": 19.778, "train_samples_per_second": 7.584, "train_steps_per_second": 7.584, "total_flos": 372322488384000.0, "train_loss": 0.1385858418792486, "_wandb": {"runtime": 37}}