{"train/loss": 0.2469, "train/grad_norm": 0.35479772090911865, "train/learning_rate": 0.004655172413793103, "train/epoch": 0.3448275862068966, "train/global_step": 10, "_timestamp": 1744385540.932399, "_runtime": 7.362694025039673, "_step": 1}