{"train/loss": 0.0, "train/grad_norm": NaN, "train/learning_rate": 0.0019767441860465114, "train/epoch": 0.9828571428571429, "train/global_step": 43, "_timestamp": 1744375776.7375746, "_runtime": 15.510793685913086, "_step": 44, "eval/loss": 4.2323384284973145, "eval/runtime": 1.1087, "eval/samples_per_second": 57.727, "eval/steps_per_second": 57.727, "train_runtime": 16.85, "train_samples_per_second": 10.386, "train_steps_per_second": 2.552, "total_flos": 9082334453760.0, "train_loss": 10.23491403113964, "_wandb": {"runtime": 15}}